,Story Prompt,Token Usage,Cost,Injection Detected
0,"Light bulbs have gotten efficient enouh to last thousands of generations . Effecient enough that humanity has forgotten how to change a liht bulb . A light bulb has gone out .
",525,0.0018375,False
1,"[ WP ] Just write about something that makes you happyâ€“ no gimmicks . Who am I to tell you what to do ?
",516,0.001806,False
2,"[ WP ] With the discovery of alternate dimensions , a jury of peers can now only consist of alternate versions of the defendant and plaintiff .
",516,0.001806,False
3,"[ WP ] describe your escape
",495,0.0017325,False
4,"Writing Prompt : Write from an antagonist 's point of view
",501,0.0017535,False
5,"[ WP ] PVP has been turned off for years . Everyone now knows , that no blade can pierce the skin with the INTENT to kill or harm . You are at the doctor getting a shot when the needle bends upon touching your upper arm ...
",538,0.001883,False
6,"[ WP ] Taxes become optional , however , those who do n't pay are not protected under the law .
",512,0.001792,False
7,"[ Wp ] It is the duty or every intelligent species in the galaxy to guide another species to the galactic stage . The `` Elevation Committee '' is now hearing bids on who and how to `` elevate '' the humans of Earth .
",534,0.001869,False
8,"[ WP ] A man makes a time machine so he could go back and cheat on his wife with the past version of her , back before she slowly grew bitter because he spent too much time making his time machine .
",532,0.001862,False
9,"[ WP ] The year is 3274 , and Earth is depleted of any and all food . Humans are sustained using IVs and pills exist to show society what food once tasted like . One day , a little boy discovers a twinkie in a buried cabinet ...
",545,0.0019075,False
10,"[ WP ] You , an ordinary person , are sitting at a bonfire with the greatest storytellers across time . Great tales of war , love , and adventure are shared . Eventually , all eyes look to you .
",531,0.0018585,False
11,"[ WP ] A man gains the power to control the minds of others , but eventually his subconscious starts controlling people
",511,0.0017885,False
12,"[ WP ] A story from the point of view of a Reddit Post
",503,0.0017605,False
13,"[ WP ] Tell me your great Last Stand stories
",499,0.0017465,False
14,"[ WP ] You ( or a character ) are immortal . You have been locked in a cell and no longer remember how long you have been there .
",519,0.0018165,False
15,"[ WP ] `` We 've still got time . Not enough , but enough . ''
",507,0.0017745,False
16,"[ WP ] As the Romans begin their push into Gaul , they discover that dragons are real .
",508,0.001778,False
17,"[ WP ] You receive an invitation to a party at a beautiful Spanish villa . Upon entering the ballroom you see , not a group of dancers as you expect , but a single fox staring at you .
",529,0.0018515,False
18,"[ WP ] The entire world has a secret that one man is not allowed to know .
",507,0.0017745,False
19,"[ WP ] Sitting on a park bench , a homeless man shares his muse for existence with a young writer suffering from a longstanding depression .
",516,0.001806,False
